channel,date,merchant_category,merchant_subcategory,merchant_name,merchant_domain,currency,spend,market,region
Web,11/11/24,Recreation,Event Ticketing,Kettering City School District,kettering.hometownticketing.com,USD,2304986,USA,AMR
In-App,11/12/24,Travel,Airlines,Turkish Airlines,www.turkishairlines.com,PLN,9123736,POLAND,EMEIA
In-Store,11/13/24,Services,Other Services,Echooo E-commerce Canada Ltd.,-,CAD,8515587,CANADA,AMR
In-App,11/13/24,Recreation,Event Ticketing,SushiArt Skanderborg,checkout.dibspayment.eu,DKK,1853437,DENMARK,EMEIA
Web,11/13/24,Shopping,Shopping Platform,Onerway,www.checkout.onerway.com,CAD,7659549,CANADA,AMR
In-Store,11/14/24,Recreation,Event Ticketing,Ticketmaster,eu.adyen.link,CZK,2285192,CZECH REPUBLIC,EMEIA
Web,11/14/24,Financial Services,Other Financial Services,Naqi,secure.clickpay.com.sa,SAR,7409464,SAUDI ARABIA,EMEIA
In-App,11/15/24,Travel,OTA,GoEuro Travel GmbH,www.omio.com,CHF,9207378,LIECHTENSTEIN,EMEIA
In-App,11/16/24,Recreation,Cinemas,CinemaxX Entertainment GmbH & Co. KG,www.cinemaxx.de,EUR,2397325,EURO ZONE,EMEIA
In-App,11/17/24,Travel,Airlines,Singapore Airlines Limited,-,AUD,9039411,AUSTRALIA,APAC
In-App,11/17/24,Recreation,Other Recreation,LivU,cashier-n.payermax.com,CAD,2384812,CANADA,AMR
In-Store,11/17/24,Recreation,Event Ticketing,SportWrench Inc.,tickets.sportwrench.com,USD,1997412,USA,AMR
In-Store,11/18/24,Shopping,Other Specialty,Max Out Tech PTY LTD,maxoutaustralia.com.au,AUD,7663127,AUSTRALIA,APAC
In-App,11/19/24,Services,Direct Biller,Sugar and Salt Station Chocolcates and flower MID1,adcb.paysky.io,AED,8512455,UAE,EMEIA
In-App,11/19/24,Recreation,Event Ticketing,Headout,-,CHF,2050901,SWITZERLAND,EMEIA
In-App,11/19/24,Recreation,Event Ticketing,eventbrite,www.eventbrite.ca,CAD,1903812,CANADA,AMR
In-App,11/19/24,Recreation,Event Ticketing,AT THE STATION - iTICKETS,www.itickets.com,USD,1867258,USA,AMR
In-Store,11/19/24,Shopping,Other Specialty,AXL,www.axladvanced.com,USD,7662541,USA,AMR
In-App,11/20/24,Recreation,Other Recreation,Adcreative Media Limited,cashier-n.payermax.com,JPY,2381348,JAPAN,APAC
In-App,11/21/24,Financial Services,Other Financial Services,MyFatoorah,store.alahyaa.org.sa,SAR,7381219,SAUDI ARABIA,EMEIA
In-App,11/21/24,Shopping,Other Specialty,Julie Vos,www.julievos.com,USD,7640709,USA,AMR
In-Store,11/22/24,Recreation,Other Recreation,Lincoln,book.hollywoodbowl.co.uk,GBP,1929748,UK,EMEIA
Web,11/22/24,Shopping,Other Specialty,Ornot Online Store,www.ornotbike.com,USD,7639368,USA,AMR
In-Store,11/23/24,Financial Services,Cryptocurrency,Transak,global.transak.com,CHF,7281898,SWITZERLAND,EMEIA
Web,11/23/24,Shopping,Other Specialty,Autodoc SE,-,BGN,7662956,BULGARIA,EMEIA
In-App,11/24/24,Travel,OTA,Tripadvisor/Viator,www.tripadvisor.co.uk,GBP,9172322,UK,EMEIA
Web,11/24/24,Recreation,Event Ticketing,Capida.dk,checkout.reepay.com,DKK,2302447,DENMARK,EMEIA
Web,11/24/24,Financial Services,Cryptocurrency,Buycoins.com,livechat-buycoins.com,USD,7361694,USA,AMR
In-App,11/25/24,Shopping,Marketplaces,"Kickstarter, PBC",-,MXN,7662558,MEXICO,AMR
Web,11/28/24,Recreation,Event Ticketing,LAMESA INDEPENDENT SCHOOL DISTRICT,events.hometownticketing.com,USD,2034496,USA,AMR
Web,11/30/24,Recreation,Event Ticketing,eventbrite,www.eventbrite.com,GBP,2307352,UK,EMEIA
In-Store,11/30/24,Recreation,Event Ticketing,Algonquin Campus Card - Web Purchase,checkout.e-xact.com,CAD,1908104,CANADA,AMR
Web,12/2/24,Travel,Rail & Coaches,Minueto,sis.redsys.es,EUR,9150746,EURO ZONE,EMEIA
In-App,12/2/24,Travel,Rail & Coaches,Trip.com,secure.mytrainpal.com,GBP,9143777,UK,EMEIA
In-App,12/2/24,Recreation,Event Ticketing,Taco Bar T√§by,checkout.reepay.com,SEK,2295245,SWEDEN,EMEIA
In-App,12/2/24,Recreation,Other Recreation,IRONMAN AUSTRALIA EVENTS,in.au.byutmb.world,AUD,2294580,AUSTRALIA,APAC
Web,12/3/24,Travel,Airlines,American Airlines,checkout.aa.com,GBP,9102224,UK,EMEIA
In-App,12/3/24,Services,Digital Content,iGVault,www.igv.com,CHF,8515512,SWITZERLAND,EMEIA
Web,12/3/24,Shopping,Other Specialty,SHEIN,-,EUR,7655225,EURO ZONE,EMEIA
In-Store,12/3/24,Shopping,Shopping Platform,Svitlana M BUSINESS LLC,checkout.stripe.com,USD,7640803,USA,AMR
In-Store,12/4/24,Financial Services,MTO,The Western Union Company,-,AUD,7277035,AUSTRALIA,APAC
In-App,12/4/24,Shopping,Other Specialty,St Frock,www.stfrock.com.au,AUD,7654598,AUSTRALIA,APAC
In-App,12/5/24,Shopping,Other Specialty,"MEGO INTERNATIONAL PROMOTION CO., LTD.",-,TWD,7641597,TAIWAN,APAC
Web,12/6/24,Financial Services,Cryptocurrency,Banxa,checkout.banxa.com,AUD,7422840,AUSTRALIA,APAC
In-Store,12/6/24,Financial Services,Cryptocurrency,Mercuryo,exchange.mercuryo.io,USD,7396927,USA,AMR
In-Store,12/7/24,Shopping,Other Specialty,The Cornish Seaweed Bath Co.,cornishseaweedbath.co.uk,GBP,7662589,UK,EMEIA
In-App,12/8/24,Services,Other Services,Astroline,sub.astroline.today,AUD,8506211,AUSTRALIA,APAC
In-Store,12/8/24,Shopping,Other Specialty,DRUIDS,www.druids.com,AUD,7646775,AUSTRALIA,APAC
In-Store,12/9/24,Services,Biller Platform,PAPARONI,www.liqpay.ua,UAH,8510350,UKRAINE,EMEIA
Web,12/9/24,Recreation,Event Ticketing,Sweat-Off,checkout.dibspayment.eu,EUR,2342963,EURO ZONE,EMEIA
In-App,12/10/24,Recreation,Event Ticketing,La Film Festivals & The Actors Company,www.universe.com,USD,2064595,USA,AMR
In-Store,12/10/24,Recreation,Other Recreation,Spotlight.Vegas,spotlight.vegas,USD,1952749,USA,AMR
Web,12/11/24,Recreation,Other Recreation,Blair Drummond Safari Park,tickets.blairdrummond.com,GBP,1904921,UK,EMEIA
Web,12/11/24,Shopping,Other Specialty,I.AM.GIA ROW,au.iamgia.com,AUD,7641760,AUSTRALIA,APAC
Web,12/12/24,Shopping,Shopping Platform,Dartmoor Zoological Society,checkout.stripe.com,GBP,7662815,UK,EMEIA
Web,12/13/24,Recreation,Event Ticketing,Mecklenburg Area Catholic Schools Charlotte Catholic High School,events.hometownticketing.com,USD,1962616,USA,AMR
In-Store,12/13/24,Recreation,Event Ticketing,Stavanger Konserthus,checkout.dibspayment.eu,NOK,1948018,NORWAY,EMEIA
Web,12/14/24,Recreation,Event Ticketing,Ticketmaster,eu.adyen.link,USD,2032145,USA,AMR
In-App,12/14/24,Recreation,Event Ticketing,Tryg Forsikring A/S,checkout.dibspayment.eu,DKK,1842225,DENMARK,EMEIA
In-Store,12/15/24,Financial Services,Cryptocurrency,Sardine,crypto.sardine.ai,EUR,7397112,EURO ZONE,EMEIA
Web,12/17/24,Travel,OTA,kkday,m.kkday.com,JPY,9159480,JAPAN,APAC
In-Store,12/18/24,Shopping,Other Specialty,Whisker,www.litter-robot.com,USD,7662796,USA,AMR
In-App,12/19/24,Travel,Airlines,Ryanair Ltd.,-,CZK,9209661,CZECH REPUBLIC,EMEIA
In-Store,12/19/24,Travel,Rail & Coaches,busbud,www.busbud.com,GBP,9020318,UK,EMEIA
Web,12/19/24,Financial Services,Cryptocurrency,Transak,global.transak.com,USD,7321187,USA,AMR
In-App,12/19/24,Shopping,Other Specialty,JJILL,www.jjill.com,USD,7664416,USA,AMR
In-App,12/19/24,Shopping,Shopping Platform,service,checkout.stripe.com,EUR,7648683,EURO ZONE,EMEIA
Web,12/20/24,Travel,Rail & Coaches,Token Transit,-,USD,9048358,USA,AMR
In-App,12/20/24,Shopping,Shopping Platform,Ivy&lark,checkout.stripe.com,AUD,7657949,AUSTRALIA,APAC
In-Store,12/21/24,Services,Digital Content,Strava Ireland Limited,www.strava.com,USD,8520644,USA,AMR
Web,12/21/24,Recreation,Event Ticketing,D. W. Daniel High School,dhs.hometownticketing.com,USD,1899348,USA,AMR
Web,12/22/24,Travel,Airlines,Lufthansa (Lufthansa Group),paymenthub.lufthansa.com,ZAR,9200620,SOUTH AFRICA,EMEIA
In-Store,12/22/24,Services,Direct Biller,Polar Electro,hpp.worldpay.com,EUR,8523532,EURO ZONE,EMEIA
In-Store,12/24/24,Services,Other Services,FUNPLUS INTERNATIONAL AG,pay.checkout.com,USD,8519014,USA,AMR
Web,12/25/24,Services,Biller Platform,–°–º–∞—Ä—Ç –°—É—à–∏ –¢–û–í,www.liqpay.ua,UAH,8513226,UKRAINE,EMEIA
Web,12/25/24,Financial Services,MTO,Wise,wise.com,NZD,7270976,NEW ZEALAND,APAC
In-Store,12/26/24,Recreation,Other Recreation,WePlay,cashier-n.payermax.com,SAR,2309655,SAUDI ARABIA,EMEIA
In-App,12/26/24,Financial Services,Other Financial Services,Trading212,-,CZK,7375265,CZECH REPUBLIC,EMEIA
Web,12/27/24,Shopping,Shopping Platform,Alison,checkout.stripe.com,EUR,7662285,EURO ZONE,EMEIA
In-Store,12/28/24,Recreation,Event Ticketing,Taco Bar Stureplan,checkout.reepay.com,SEK,1931754,SWEDEN,EMEIA
In-App,12/29/24,Travel,OTA,Trip.com,-,CAD,9065419,CANADA,AMR
Web,12/31/24,Travel,Airlines,Finnair,pay.finnair.com,NOK,9206107,NORWAY,EMEIA
In-Store,12/31/24,Travel,Airlines,Aer Lingus,-,EUR,9183618,EURO ZONE,EMEIA
In-Store,1/1/25,Recreation,Event Ticketing,CUR8,cur8.com,USD,1955092,USA,AMR
In-App,1/2/25,Travel,OTA,Undercover Tourist,www.undercovertourist.com,USD,9074819,USA,AMR
Web,1/2/25,Recreation,Other Recreation,Puka,cashier-n.payermax.com,KWD,2382187,KUWAIT,EMEIA
Web,1/2/25,Recreation,Event Ticketing,Sooshi Holstebro,checkout.dibspayment.eu,DKK,1882420,DENMARK,EMEIA
In-Store,1/3/25,Travel,Hospitality,Shangri-La International Hotel Management Limited,-,AUD,9216582,AUSTRALIA,APAC
Web,1/3/25,Travel,Airlines,Qatar Airways,-,CNY,9202993,CHINA,APAC
In-Store,1/3/25,Travel,Rail & Coaches,The Chiltern Railways Company Limited,-,GBP,9181099,UK,EMEIA
In-Store,1/3/25,Recreation,Event Ticketing,Norton City Schools,nortonschools.hometownticketing.com,USD,1869837,USA,AMR
In-Store,1/4/25,Shopping,Shopping Platform,Electric Pte Ltd,checkout.stripe.com,SGD,7652041,SINGAPORE,APAC
Web,1/5/25,Recreation,Event Ticketing,Danske Licens Spil,checkout.reepay.com,DKK,1852724,DENMARK,EMEIA
In-Store,1/6/25,Shopping,Other Specialty,Kiel James Patrick,kieljamespatrick.com,USD,7651478,USA,AMR
Web,1/7/25,Financial Services,Cryptocurrency,UAB Clear White Technologies,-,EUR,7350172,EURO ZONE,EMEIA
In-Store,1/7/25,Recreation,Event Ticketing,EventTicketsCenter.com,secure2.eventticketscenter.com,USD,1938254,USA,AMR
In-App,1/7/25,Shopping,Big Box,wilko.com,www.wilko.com,GBP,7664384,UK,EMEIA
In-Store,1/8/25,Shopping,Other Specialty,Paul Godel GmbH & Co. KG,www.mollie.com,EUR,7644548,EURO ZONE,EMEIA
Web,1/10/25,Financial Services,Other Financial Services,Alrimaya,secure.paytabs.sa,SAR,7415589,SAUDI ARABIA,EMEIA
Web,1/10/25,Shopping,Other Specialty,PRIVATE LABEL,privatelabelnyc.com,USD,7657082,USA,AMR
Web,1/11/25,Shopping,Other Specialty,Hooey,getyourhooey.com,USD,7651587,USA,AMR
Web,1/15/25,Recreation,Other Recreation,Emaar Technologies LLC,-,SAR,1925695,SAUDI ARABIA,EMEIA
Web,1/15/25,Shopping,Other Specialty,Wackers Kaffee Gesch√§ft GmbH,www.mollie.com,EUR,7658697,EURO ZONE,EMEIA
In-Store,1/16/25,Recreation,Other Recreation,Carry1st,cashier-n.payermax.com,SAR,2328919,SAUDI ARABIA,EMEIA
In-Store,1/16/25,Financial Services,Other Financial Services,IG Index Ltd,-,USD,7350187,USA,AMR
In-Store,1/17/25,Shopping,Other Specialty,Snacks Online,www.snacksonline.co.uk,GBP,7645736,UK,EMEIA
Web,1/20/25,Travel,Rail & Coaches,Smartcredito,sis.redsys.es,EUR,9090309,EURO ZONE,EMEIA
In-App,1/20/25,Travel,Rental Cars,Avis Budget Group,www.avis.com,USD,9089454,USA,AMR
In-App,1/21/25,Financial Services,Cryptocurrency,Binance,-,PEN,7374691,PERU,AMR
In-Store,1/22/25,Recreation,Event Ticketing,Poppin Technologies Inc.,-,USD,1899152,USA,AMR
Web,1/23/25,Travel,Airlines,Cathay Pacific Airways Limited,-,CAD,9007098,CANADA,AMR
In-App,1/23/25,Recreation,Event Ticketing,Ticketmaster,eu.adyen.link,MXN,2344966,MEXICO,AMR
In-App,1/23/25,Shopping,Shopping Platform,GROUPANOO,checkout.stripe.com,EUR,7642684,EURO ZONE,EMEIA
In-Store,1/24/25,Financial Services,MTO,Paysend Technology limited,-,AUD,7245012,AUSTRALIA,APAC
In-App,1/24/25,Shopping,Shopping Platform,"ASIA-PACIFIC NINGNING NETWORK TECHNOLOGY CO., LIMITED",checkout.stripe.com,USD,7649094,USA,AMR
In-Store,1/25/25,Financial Services,Other Financial Services,"China Unionpay Co.,Ltd.",-,CNY,7401246,CHINA,APAC
In-Store,1/25/25,Shopping,Other Specialty,hairtalk extensions,hairtalkusa.com,USD,7640334,USA,AMR
In-App,1/30/25,Financial Services,Other Financial Services,Antares,whop.com,EUR,7287613,EURO ZONE,EMEIA
In-App,1/30/25,Recreation,Event Ticketing,Tiqets International BV,-,AED,1913077,UAE,EMEIA
Web,1/31/25,Travel,OTA,Hotels.com,it.hotels.com,EUR,8993776,EURO ZONE,EMEIA
Web,1/31/25,Financial Services,Other Financial Services,Capital Com SV Investments Limited,-,SGD,7402977,SINGAPORE,APAC
In-Store,2/2/25,Services,Other Services,KLIX,invoice.stripe.com,AED,8521123,UAE,EMEIA
In-Store,2/3/25,Travel,Rental Cars,Blacklane GmbH,-,USD,9010173,USA,AMR
Web,2/3/25,Recreation,Event Ticketing,Ditur.dk ApS,checkout.reepay.com,DKK,2394440,DENMARK,EMEIA
In-App,2/3/25,Recreation,Event Ticketing,"Groveport Madison High School, Groveport Madison Middle Schoo...",events.hometownticketing.com,USD,1935383,USA,AMR
In-Store,2/3/25,Shopping,Other Specialty,Bstore,www.bstore.com.au,AUD,7658250,AUSTRALIA,APAC
In-Store,2/4/25,Shopping,Other Specialty,ModCloth,modcloth.com,USD,7647964,USA,AMR
In-Store,2/4/25,Shopping,Other Specialty,The Gas Yard LTD,in.xero.com,GBP,7647229,UK,EMEIA
Web,2/6/25,Shopping,Other Specialty,Laufey Merch,store.laufeymusic.com,USD,7656326,USA,AMR
Web,2/8/25,Recreation,Other Recreation,Novel,cashier-n.payermax.com,USD,2356837,USA,AMR
In-Store,2/8/25,Financial Services,Cryptocurrency,BingX,-,TWD,7265354,TAIWAN,APAC
Web,2/8/25,Shopping,Shopping Platform,Fifty 410,checkout.stripe.com,USD,7645018,USA,AMR
Web,2/9/25,Travel,OTA,Hotels.com,www.hotels.com,TWD,9191778,TAIWAN,APAC
In-App,2/9/25,Travel,Airlines,Turkish Airlines,-,PLN,9078939,POLAND,EMEIA
In-App,2/9/25,Recreation,Other Recreation,Launch Gift Cards Pty Ltd,uberaus.launchgiftcards.com,AUD,2368094,AUSTRALIA,APAC
In-Store,2/9/25,Shopping,Other Specialty,Newtype,shop.newtype.us,USD,7644333,USA,AMR
Web,2/10/25,Travel,Rental Cars,IONITY GmbH,-,SEK,9153607,SWEDEN,EMEIA
In-App,2/10/25,Financial Services,Cryptocurrency,Banxa,metamask.banxa.com,CAD,7356414,CANADA,AMR
Web,2/11/25,Shopping,Other Specialty,TABtouch,www.tabtouch.mobi,AUD,7653488,AUSTRALIA,APAC
In-Store,2/13/25,Travel,Airlines,Singapore Airlines Limited,-,SGD,9029546,SINGAPORE,APAC
In-Store,2/13/25,Shopping,Other Specialty,Magisk B√∏rnebog,www.mollie.com,DKK,7647403,DENMARK,EMEIA
Web,2/14/25,Shopping,Other Specialty,PinkyParadise,www.pinkyparadise.com,USD,7639525,USA,AMR
In-App,2/15/25,Travel,Airlines,Finnair,pay.finnair.com,CHF,9160369,LIECHTENSTEIN,EMEIA
In-App,2/15/25,Travel,Airlines,Finnair,pay.finnair.com,CHF,9157253,LIECHTENSTEIN,EMEIA
In-App,2/16/25,Services,Biller Platform,Bakery –ë–ª–∞–≥–æ–≤—ñ—Å–Ω–∞,www.liqpay.ua,UAH,8516892,UKRAINE,EMEIA
In-App,2/17/25,Financial Services,Banks & Wallets,Unibank ASC,-,AZN,7361580,AZERBAIJAN,EMEIA
Web,2/18/25,Financial Services,Other Financial Services,"Tianjin Dana Network Technology Co.,ltd",-,USD,7308341,USA,AMR
In-Store,2/18/25,Recreation,Event Ticketing,GetYourGuide,-,UYU,1929796,URUGUAY,AMR
In-App,2/18/25,Shopping,Other Specialty,Dartshopper.it,www.mollie.com,EUR,7649397,EURO ZONE,EMEIA
Web,2/19/25,Travel,Airlines,"Korean Air Lines Co,. Ltd",-,KRW,9048407,REPUBLIC OF KOREA,APAC
In-Store,2/20/25,Recreation,Other Recreation,WOW Vegas,checkout.unipaas.com,USD,2369241,USA,AMR
In-App,2/22/25,Shopping,Shopping Platform,SUSHI EXPRESS GROUP PTE. LTD.,checkout.stripe.com,SGD,7648439,SINGAPORE,APAC
In-Store,2/22/25,Shopping,Other Specialty,DIVA US,shopdiva.com,USD,7647349,USA,AMR
In-App,2/23/25,Recreation,Event Ticketing,Sparxpres,checkout.dibspayment.eu,DKK,1943750,DENMARK,EMEIA
In-App,2/24/25,Shopping,Fashion,S√©zane,-,CAD,7654512,CANADA,AMR
In-App,2/25/25,Travel,OTA,Booking.com,secure.booking.com,JOD,9006201,JORDAN,EMEIA
In-App,2/25/25,Recreation,Event Ticketing,Fever Labs Inc,-,USD,2365963,USA,AMR
In-App,2/25/25,Recreation,Event Ticketing,Ticketmaster,eu.adyen.link,CZK,1860638,CZECH REPUBLIC,EMEIA
In-Store,2/26/25,Recreation,Event Ticketing,Huffman Independent School District,huffmanisd.hometownticketing.com,USD,2333418,USA,AMR
Web,2/27/25,Shopping,Other Specialty,Play Therapy UK,in.xero.com,GBP,7647263,UK,EMEIA
In-App,3/3/25,Financial Services,MTO,ACE,acemoneytransfer.com,CHF,7307223,SWITZERLAND,EMEIA
In-Store,3/3/25,Shopping,Other Specialty,NEXT,www.next.ua,UAH,7658826,UKRAINE,EMEIA
In-Store,3/4/25,Travel,Airlines,Finnair Plc,-,GBP,9146635,UK,EMEIA
In-Store,3/4/25,Recreation,Other Recreation,Cadbury World Web,me-cadbirmingham.tickets.cadburyworld.co.uk,GBP,1997360,UK,EMEIA
In-App,3/4/25,Recreation,Event Ticketing,PV - Kaffe & Cocktails,checkout.dibspayment.eu,DKK,1865459,DENMARK,EMEIA
In-App,3/5/25,Travel,Airlines,Turkish Airlines,-,BGN,9115712,BULGARIA,EMEIA
In-Store,3/6/25,Recreation,Event Ticketing,Tiqets,www.tiqets.com,SEK,2058092,SWEDEN,EMEIA
In-App,3/6/25,Recreation,Event Ticketing,"HomeTown Ticketing, Inc.",desotoisd.hometownticketing.com,USD,1865896,USA,AMR
Web,3/9/25,Recreation,Event Ticketing,Seguin ISD,seguinisd.hometownticketing.com,USD,1930030,USA,AMR
In-App,3/10/25,Recreation,Event Ticketing,SXSW Sydney Pty Ltd,tickets.lup.com.au,AUD,1940022,AUSTRALIA,APAC
In-App,3/11/25,Financial Services,Other Financial Services,Profit Lounge,whop.com,USD,7405910,USA,AMR
Web,3/12/25,Services,Carrier,HTTPS//WWW.ILREGNODELCI,ecommerce.nexi.it,EUR,8511315,EURO ZONE,EMEIA
Web,3/13/25,Travel,Airlines,Qatar Airways,pg.qatarairways.com,JPY,8988084,JAPAN,APAC
In-App,3/13/25,Shopping,Other Specialty,Sabrina Carpenter UK,shopuk.sabrinacarpenter.com,GBP,7657306,UK,EMEIA
In-Store,3/15/25,Recreation,Event Ticketing,ROLLER,invoice.roller.app,EUR,2337333,EURO ZONE,EMEIA
Web,3/17/25,Financial Services,Banks & Wallets,AirWallex,checkout.airwallex.com,NOK,7394148,NORWAY,EMEIA
Web,3/18/25,Recreation,Other Recreation,casual game,cashier-n.payermax.com,EUR,1968133,EURO ZONE,EMEIA
In-Store,3/19/25,Shopping,Other Specialty,NINJAS.jetzt,www.mollie.com,EUR,7647015,EURO ZONE,EMEIA
In-App,3/20/25,Travel,Airlines,Jetstar,booking.jetstar.com,CAD,9132263,CANADA,AMR
In-App,3/21/25,Recreation,Event Ticketing,WADSWORTH CITY SCHOOL DISTRICT,events.hometownticketing.com,USD,2061436,USA,AMR
Web,3/22/25,Shopping,Other Specialty,The Hut Group,-,GBP,7652473,UK,EMEIA
In-App,3/22/25,Shopping,Shopping Platform,AlloJeffrey,checkout.stripe.com,EUR,7651420,EURO ZONE,EMEIA
Web,3/23/25,Financial Services,Other Financial Services,Payments Hub Merchant,www.paymentshub.com,USD,7383746,USA,AMR
In-App,3/23/25,Recreation,Other Recreation,Mt Hood Ski Bowl E-Commerce,mthood-skibowl.tickets.skibowl.com,USD,2016242,USA,AMR
Web,3/24/25,Financial Services,Buy Now Pay Later,Tamara,checkout.tamara.co,BHD,7365693,BAHRAIN,EMEIA
Web,3/24/25,Shopping,Other Specialty,eyekeeper.com,www.eyekeeper.com,AUD,7653196,AUSTRALIA,APAC
Web,3/25/25,Recreation,Other Recreation,Jameson Distillery Midleton,oj-ojmidleton.store.jamesondistillery.com,EUR,2358816,EURO ZONE,EMEIA
Web,3/25/25,Financial Services,Cryptocurrency,Nexo Capital Inc.,-,SEK,7289886,SWEDEN,EMEIA
Web,3/25/25,Shopping,Shopping Platform,Leanpub,checkout.stripe.com,USD,7652105,USA,AMR
In-App,3/25/25,Shopping,Other Specialty,BaubleBar,www.baublebar.com,USD,7649273,USA,AMR
Web,3/28/25,Financial Services,Banks & Wallets,Zen,secure.zen.com,AED,7253622,UAE,EMEIA
In-App,3/29/25,Recreation,Other Recreation,Welcome to AttractionTickets.com,www.attractiontickets.com,GBP,1886491,UK,EMEIA
In-App,3/30/25,Travel,Rail & Coaches,Stagecoach Group plc,-,GBP,9204563,UK,EMEIA
In-Store,4/1/25,Shopping,Shopping Platform,Next Block Vending,checkout.stripe.com,USD,7641620,USA,AMR
In-Store,4/2/25,Travel,Rail & Coaches,Disfrazzes.com,sis.redsys.es,EUR,9142422,EURO ZONE,EMEIA
In-App,4/3/25,Shopping,Shopping Platform,Infiel Shop,checkout.stripe.com,USD,7660636,USA,AMR
Web,4/4/25,Financial Services,Other Financial Services,Alkadi Outdoor,secure.clickpay.com.sa,SAR,7298216,SAUDI ARABIA,EMEIA
Web,4/4/25,Recreation,Event Ticketing,Lovejoy Independent School District,lovejoyleopards.hometownticketing.com,USD,2027370,USA,AMR
In-Store,4/4/25,Recreation,Other Recreation,Welcome to AttractionTickets.com,www.attractiontickets.com,USD,1849392,USA,AMR
In-App,4/5/25,Financial Services,Cryptocurrency,Binance,-,KWD,7355644,KUWAIT,EMEIA
In-App,4/6/25,Recreation,Other Recreation,SEA LIFE San Antonio Web,me-slsanantonio.na.tickets.visitsealife.com,USD,2324678,USA,AMR
Web,4/7/25,Services,Biller Platform,Georgetown Pediatrics,z1-mob.phreesia.net,USD,8509035,USA,AMR
Web,4/8/25,Travel,OTA,"Sfo84, Inc.",-,USD,9178034,USA,AMR
Web,4/8/25,Financial Services,Cryptocurrency,Banxa,changelly.banxa.com,EUR,7359123,EURO ZONE,EMEIA
In-Store,4/9/25,Recreation,Event Ticketing,The Gifted Company,checkout.dibspayment.eu,GBP,1930894,UK,EMEIA
In-App,4/10/25,Financial Services,Cryptocurrency,Bybit Fintech Limited,-,AUD,7377239,AUSTRALIA,APAC
In-Store,4/10/25,Financial Services,Banks & Wallets,AirWallex,checkout.airwallex.com,BRL,7284200,BRAZIL,AMR
Web,4/12/25,Recreation,Other Recreation,"TopGolf USA, Inc.",-,USD,1839852,USA,AMR
Web,4/12/25,Shopping,Other Specialty,The Evolve Way,www.theevolveway.com,EGP,7647672,EGYPT,EMEIA
In-Store,4/13/25,Recreation,Event Ticketing,Nozomi,checkout.reepay.com,DKK,2020318,DENMARK,EMEIA
In-App,4/13/25,Shopping,Other Specialty,CanyonROW,www.canyon.com,EUR,7655751,EURO ZONE,EMEIA
In-App,4/14/25,Travel,Airlines,Turkish Airlines,-,CHF,9215330,SWITZERLAND,EMEIA
Web,4/14/25,Travel,OTA,Hotel Tonight Inc,-,CAD,9173876,CANADA,AMR
Web,4/14/25,Recreation,Event Ticketing,Pflugerville ISD,events.hometownticketing.com,USD,2019411,USA,AMR
Web,4/15/25,Shopping,Other Specialty,"Whoop, Inc.",join.whoop.com,SAR,7663925,SAUDI ARABIA,EMEIA
In-App,4/17/25,Recreation,Other Recreation,Padel Mates International AB,-,GBP,1866355,UK,EMEIA
In-App,4/18/25,Travel,Airlines,Turkish Airlines,www.turkishairlines.com,AUD,9028640,AUSTRALIA,APAC
In-Store,4/18/25,Shopping,Other Specialty,Camping Memling,www.mollie.com,EUR,7655440,EURO ZONE,EMEIA
Web,4/19/25,Recreation,Other Recreation,Midas,cashier-n.payermax.com,MYR,2329564,MALAYSIA,APAC
In-App,4/19/25,Recreation,Event Ticketing,Del Valle Independent School District,events.hometownticketing.com,USD,1885646,USA,AMR
In-App,4/21/25,Recreation,Event Ticketing,TickPick,www.tickpick.com,USD,1927180,USA,AMR
In-Store,4/22/25,Recreation,Event Ticketing,Everman Independent School District,events.hometownticketing.com,USD,2310098,USA,AMR
In-Store,4/22/25,Recreation,Other Recreation,SEA LIFE Speyer Web,me-slspeyer.eu.tickets.visitsealife.com,EUR,1908575,EURO ZONE,EMEIA
Web,4/22/25,Recreation,Event Ticketing,stubhub,checkout.stubhub.com,USD,1872135,USA,AMR
Web,4/22/25,Shopping,Shopping Platform,The Doggy Cool Company,checkout.stripe.com,GBP,7654532,UK,EMEIA
In-Store,4/23/25,Recreation,Event Ticketing,Booz Allen Hamilton Inc.,-,USD,1959848,USA,AMR
Web,4/24/25,Recreation,Event Ticketing,Member 24 AB,checkout.dibspayment.eu,SEK,2319026,SWEDEN,EMEIA
In-App,4/24/25,Recreation,Event Ticketing,https://thaistyle.menu.fo/,checkout.reepay.com,DKK,1991378,DENMARK,EMEIA
In-Store,4/25/25,Travel,Rail & Coaches,FEDERACION MADRILE#A DE PADEL TORNEOS,sis.redsys.es,EUR,9201717,EURO ZONE,EMEIA
In-App,4/25/25,Shopping,Other Specialty,Curvy Sense,curvysense.com,USD,7663504,USA,AMR
In-App,4/27/25,Financial Services,Banks & Wallets,Nayax,-,EUR,7397128,EURO ZONE,EMEIA
Web,4/28/25,Travel,Airlines,Wizz Air,-,UAH,9152588,UKRAINE,EMEIA
In-App,4/29/25,Shopping,Other Specialty,ZANE ARTS,zanearts.com,JPY,7663437,JAPAN,APAC
In-Store,4/29/25,Shopping,Shopping Platform,Easol,checkout.stripe.com,GBP,7656171,UK,EMEIA
In-Store,4/30/25,Recreation,Other Recreation,Roller,ecom.haveablast.roller.app,CAD,2349199,CANADA,AMR
In-Store,4/30/25,Financial Services,Banks & Wallets,Cubatel,-,USD,7337701,USA,AMR
Web,5/1/25,Travel,OTA,Feverup,feverup.com,BGN,9221363,BULGARIA,EMEIA
Web,5/1/25,Travel,Rail & Coaches,BRIT,sis.redsys.es,EUR,9045528,EURO ZONE,EMEIA
Web,5/1/25,Shopping,Other Specialty,VIVOSUN INC,-,EUR,7644067,EURO ZONE,EMEIA
In-App,5/2/25,Travel,Airlines,flydubai,fzpayments.flydubai.com,GBP,9172260,UK,EMEIA
In-App,5/2/25,Shopping,Shopping Platform,GYMPODS,checkout.stripe.com,GBP,7644122,UK,EMEIA
In-App,5/3/25,Financial Services,Other Financial Services,Billy Bobs Parlour Ltd,wpf.emerchantpay.net,GBP,7335122,UK,EMEIA
In-Store,5/3/25,Shopping,Shopping Platform,Milky Way Idle,checkout.stripe.com,USD,7663159,USA,AMR
In-Store,5/4/25,Recreation,Event Ticketing,Ticketmaster,eu.adyen.link,CZK,2348945,CZECH REPUBLIC,EMEIA
In-App,5/4/25,Shopping,Shopping Platform,The Good AI,checkout.stripe.com,USD,7658588,USA,AMR
Web,5/5/25,Recreation,Other Recreation,ORIENT BASIC SCIENCE AND TECHNOLOGY PTE. LTD.,cashier-n.payermax.com,MYR,2390792,MALAYSIA,APAC
In-Store,5/5/25,Recreation,Event Ticketing,Plano ISD,planoisd.hometownticketing.com,USD,2362242,USA,AMR
In-App,5/6/25,Recreation,Event Ticketing,Resident Advisor,es.ra.co,USD,2380835,USA,AMR
In-App,5/7/25,Financial Services,Other Financial Services,Lightyear Financial Ltd,-,EUR,7256988,EURO ZONE,EMEIA
Web,5/7/25,Shopping,Other Specialty,HeyShape,getheyshape.com,CHF,7659611,LIECHTENSTEIN,EMEIA
Web,5/8/25,Recreation,Cinemas,Ingresso.com,-,BRL,1884558,BRAZIL,AMR
In-Store,5/9/25,Shopping,Apple,Apple,secure7.store.apple.com,USD,7640452,USA,AMR
In-App,5/10/25,Financial Services,MTO,Wise,-,RON,7346465,ROMANIA,EMEIA
In-App,5/11/25,Financial Services,Cryptocurrency,Nexo Capital Inc.,-,BGN,7358669,BULGARIA,EMEIA
In-Store,5/12/25,Recreation,Event Ticketing,Midwest City Public Schools I-52,mid-del.hometownticketing.com,USD,2309205,USA,AMR
Web,5/14/25,Services,Digital Content,Turbologo LLC,turbologo.com,USD,8505368,USA,AMR
In-App,5/14/25,Financial Services,MTO,Wise,-,CAD,7392649,CANADA,AMR
In-Store,5/15/25,Financial Services,Other Financial Services,Sahem Financial,-,SAR,7359512,SAUDI ARABIA,EMEIA
In-App,5/15/25,Financial Services,Other Financial Services,JANUARY TECHNOLOGIES,borrower.january.com,USD,7333775,USA,AMR
Web,5/16/25,Recreation,Other Recreation,FofoChat,cashier-n.payermax.com,EUR,2059269,EURO ZONE,EMEIA
Web,5/16/25,Recreation,Event Ticketing,Evermart ApS,checkout.dibspayment.eu,DKK,1866334,DENMARK,EMEIA
In-Store,5/16/25,Shopping,Shopping Platform,Club Legends,checkout.stripe.com,GBP,7647823,UK,EMEIA
In-App,5/17/25,Financial Services,Cryptocurrency,Blockchain-UK Limited,-,USD,7405933,USA,AMR
In-Store,5/17/25,Recreation,Event Ticketing,Pizzabakeren Flor√∏,checkout.dibspayment.eu,NOK,2067629,NORWAY,EMEIA
In-App,5/18/25,Recreation,Other Recreation,Whisper,www.whispermena.com,USD,2389305,USA,AMR
In-Store,5/18/25,Recreation,Event Ticketing,Big Bus Tours,www.bigbustours.com,EUR,2056409,EURO ZONE,EMEIA
In-Store,5/18/25,Shopping,Shopping Platform,LOCK & enjoy! - Valencia Ayuntamiento,checkout.stripe.com,EUR,7649604,EURO ZONE,EMEIA
In-App,5/19/25,Shopping,Other Specialty,New Forest Clothing,www.newforestclothing.co.uk,GBP,7657917,UK,EMEIA
In-App,5/20/25,Recreation,Event Ticketing,Lup Events Pty Ltd,tickets.lup.com.au,AUD,1986448,AUSTRALIA,APAC
In-Store,5/21/25,Recreation,Event Ticketing,University of Central Oklahoma,events.hometownticketing.com,USD,2364481,USA,AMR
In-Store,5/21/25,Shopping,Shopping Platform,eSIM Tech,checkout.stripe.com,EUR,7659436,EURO ZONE,EMEIA
Web,5/21/25,Shopping,Shopping Platform,Spediamo.it,checkout.stripe.com,EUR,7643697,EURO ZONE,EMEIA
In-Store,5/22/25,Travel,Airlines,Qatar Airways,-,NOK,9160290,NORWAY,EMEIA
In-App,5/22/25,Financial Services,Cryptocurrency,CRYPTO Technology Holdings Limited,-,EUR,7296701,EURO ZONE,EMEIA
In-App,5/23/25,Recreation,Other Recreation,LivU,cashier-n.payermax.com,EUR,2298250,EURO ZONE,EMEIA
In-App,5/23/25,Recreation,Other Recreation,Klook Travel Technology Limited,-,HKD,1858386,HONG KONG,APAC
Web,5/24/25,Financial Services,Cryptocurrency,simplex,checkout.simplexcc.com,CHF,7309915,LIECHTENSTEIN,EMEIA
In-Store,5/24/25,Shopping,Other Specialty,panda iceandy,iceandy.myshopify.com,USD,7652914,USA,AMR
In-App,5/25/25,Services,Biller Platform,"Cedar Cares, Inc.",pay.tx.usap.com,USD,8505099,USA,AMR
Web,5/25/25,Shopping,Other Specialty,LEDSpace,www.ledspace.co.uk,GBP,7657450,UK,EMEIA
In-Store,5/26/25,Shopping,Other Specialty,Battery Mate,www.batterymate.com.au,AUD,7654156,AUSTRALIA,APAC
Web,5/28/25,Travel,Rail & Coaches,OCCIDENT,sis.redsys.es,EUR,8998051,EURO ZONE,EMEIA
Web,5/28/25,Services,Digital Content,"Signal Messenger, LLC",-,CHF,8509259,SWITZERLAND,EMEIA
Web,5/28/25,Recreation,Event Ticketing,Viking Splash Tours Ltd.,assets.ticketinghub.com,USD,2322840,USA,AMR
Web,5/28/25,Shopping,Other Specialty,Lockerpoint ArenAPoort B.V.,secure.docdatapayments.com,EUR,7645062,EURO ZONE,EMEIA
Web,5/31/25,Recreation,Other Recreation,Newbella,cashier-n.payermax.com,AED,2306120,UAE,EMEIA
Web,6/1/25,Travel,Airlines,Brussels Airlines (Lufthansa Group),paymenthub.brusselsairlines.com,CHF,9049067,SWITZERLAND,EMEIA
Web,6/1/25,Travel,OTA,FareHarbor Holdings LLC,fareharbor.com,CHF,9034087,LIECHTENSTEIN,EMEIA
In-Store,6/1/25,Recreation,Event Ticketing,stubhub,checkout.stubhub.ca,CAD,2343325,CANADA,AMR
Web,6/2/25,Shopping,Shopping Platform,Window to the Womb Portsmouth,checkout.stripe.com,GBP,7662741,UK,EMEIA
In-App,6/3/25,Shopping,Other Specialty,peoples,www.peoplesjewellers.com,CAD,7657023,CANADA,AMR
In-App,6/4/25,Travel,Airlines,Cathay Pacific Airways Limited,-,MYR,9172714,MALAYSIA,APAC
Web,6/4/25,Recreation,Other Recreation,SilaChat,cashier-n.payermax.com,AED,2289331,UAE,EMEIA
Web,6/5/25,Travel,Airlines,British Airways Plc,-,CZK,9016075,CZECH REPUBLIC,EMEIA
In-App,6/5/25,Financial Services,Cryptocurrency,rampservice,ramp.alchemypay.org,DKK,7253037,DENMARK,EMEIA
In-App,6/5/25,Shopping,Shopping Platform,"Vizard, Corp.",checkout.stripe.com,USD,7657368,USA,AMR
In-App,6/7/25,Services,Carrier,Ooredoo,-,QAR,8525917,QATAR,EMEIA
Web,6/7/25,Recreation,Other Recreation,Playtomic S.L.,-,GBP,2364939,UK,EMEIA
Web,6/7/25,Shopping,Other Specialty,The Barber Plug,thebarberplug.com,USD,7639871,USA,AMR
In-App,6/8/25,Travel,Rail & Coaches,WestMidlandsRailway,www.buytickets.westmidlandsrailway.co.uk,GBP,9133047,UK,EMEIA
Web,6/9/25,Recreation,Other Recreation,Madame Tussauds Amsterdam Web,me-mtamsterdam.eu.tickets.madametussauds.com,EUR,2021734,EURO ZONE,EMEIA
Web,6/11/25,Shopping,Other Specialty,SportPursuit,checkout.sportpursuit.com,EUR,7642348,EURO ZONE,EMEIA
Web,6/12/25,Travel,OTA,Etraveli Group AB,ca.mytrip.com,CAD,9218508,CANADA,AMR
In-App,6/12/25,Travel,Airlines,Turkish Airlines,www.turkishairlines.com,SEK,9056792,SWEDEN,EMEIA
Web,6/13/25,Services,Biller Platform,www.mojekolo.cz,3dsecure.gpwebpay.com,CZK,8523783,CZECH REPUBLIC,EMEIA
In-Store,6/13/25,Recreation,Event Ticketing,Creighton Preparatory School,creightonprep.hometownticketing.com,USD,1861398,USA,AMR
Web,6/14/25,Recreation,Event Ticketing,Novo Nordisk 9P (131910),checkout.reepay.com,DKK,2015386,DENMARK,EMEIA
In-App,6/14/25,Shopping,Home Improvement,Menards.com,www.menards.com,USD,7663653,USA,AMR
Web,6/15/25,Financial Services,Other Financial Services,InvestSky Financial Limited,-,AED,7264569,UAE,EMEIA
Web,6/15/25,Recreation,Other Recreation,Sona,cashier-n.payermax.com,EUR,1951892,EURO ZONE,EMEIA
Web,6/17/25,Financial Services,Banks & Wallets,Revolut Ltd,-,CZK,7416853,CZECH REPUBLIC,EMEIA
In-App,6/17/25,Financial Services,Buy Now Pay Later,Afterpay,-,USD,7299696,USA,AMR
Web,6/19/25,Recreation,Other Recreation,JACO LIVE,cashier-n.payermax.com,SAR,2015852,SAUDI ARABIA,EMEIA
In-Store,6/19/25,Shopping,Marketplaces,GOAT,-,USD,7644852,USA,AMR
In-App,6/20/25,Travel,OTA,Airbnb,www.airbnb.co.uk,AUD,9094922,AUSTRALIA,APAC
In-App,6/20/25,Travel,Airlines,Wizz Air,-,RON,9081997,ROMANIA,EMEIA
In-App,6/20/25,Financial Services,Cryptocurrency,Banxa,mexc.banxa.com,GBP,7345156,UK,EMEIA
In-App,6/20/25,Recreation,Event Ticketing,Mediebooster.dk,checkout.reepay.com,DKK,1912236,DENMARK,EMEIA
In-App,6/21/25,Recreation,Event Ticketing,KCSD,events.hometownticketing.com,USD,1969666,USA,AMR
In-Store,6/22/25,Travel,Airlines,CHAT,checkout.payment.telekom.com,EUR,9020930,EURO ZONE,EMEIA
In-Store,6/24/25,Shopping,Other Specialty,Sierra BMW Motorcycle,www.shopbmwmotorcycle.com,USD,7639921,USA,AMR
Web,6/26/25,Services,Digital Content,Substack Inc.,kitchenstudio.substack.com,USD,8515076,USA,AMR
In-App,6/29/25,Travel,OTA,Trip.com,secure.trip.com,DKK,9080039,DENMARK,EMEIA
In-App,6/29/25,Recreation,Other Recreation,Puka,cashier-n.payermax.com,QAR,2052825,QATAR,EMEIA
In-App,7/1/25,Recreation,Other Recreation,Meow Wolf Inc,tickets.meowwolf.com,USD,2059180,USA,AMR
In-App,7/4/25,Recreation,Event Ticketing,Geneva Schools,events.hometownticketing.com,USD,1906286,USA,AMR
In-Store,7/5/25,Travel,OTA,Hotel Lodging,reserve2.hotelguides.com,USD,9036482,USA,AMR
Web,7/5/25,Services,Digital Content,Newspapers.com,www.newspapers.com,USD,8507011,USA,AMR
In-App,7/5/25,Shopping,Other Specialty,Orelia London,www.orelia.co.uk,GBP,7661612,UK,EMEIA
Web,7/6/25,Travel,OTA,Airbnb,www.airbnb.co.uk,AUD,9175671,AUSTRALIA,APAC
Web,7/6/25,Travel,Airlines,Etihad,paypages.payment.amadeus.com,AUD,9152356,AUSTRALIA,APAC
In-Store,7/6/25,Travel,OTA,Trip.com,secure.trip.com,AED,9120772,UAE,EMEIA
In-Store,7/6/25,Travel,Airlines,China Southern Airlines Company Limited,-,CNY,9038227,CHINA,APAC
In-Store,7/6/25,Recreation,Event Ticketing,FIXR,fixr.co,ZAR,2384419,SOUTH AFRICA,EMEIA
In-Store,7/6/25,Shopping,Other Specialty,WHOOP Inc.,join.whoop.com,AUD,7659188,AUSTRALIA,APAC
In-App,7/7/25,Financial Services,Other Financial Services,webook.com/SAFF,secure.paytabs.sa,SAR,7260612,SAUDI ARABIA,EMEIA
In-App,7/7/25,Shopping,Other Specialty,Purition UK,www.purition.co.uk,GBP,7660102,UK,EMEIA
In-Store,7/9/25,Recreation,Event Ticketing,Tianyu Arts & Culture Inc.,www.universe.com,USD,2382467,USA,AMR
In-App,7/9/25,Shopping,Shopping Platform,UIP Bauer Media Outdoor Norge AS,checkout.stripe.com,NOK,7651201,NORWAY,EMEIA
Web,7/9/25,Shopping,Shopping Platform,Llama ID,checkout.stripe.com,GBP,7643734,UK,EMEIA
Web,7/11/25,Shopping,Shopping Platform,ANNAPOORNA CATERING SERVICES LLC,checkout.stripe.com,USD,7654349,USA,AMR
Web,7/12/25,Financial Services,Cryptocurrency,Mercuryo,exchange.mercuryo.io,MXN,7368138,MEXICO,AMR
In-Store,7/15/25,Recreation,Other Recreation,SEA LIFE Centre Porto Web,me-slporto.eu.tickets.visitsealife.com,EUR,2349127,EURO ZONE,EMEIA
Web,7/15/25,Shopping,Home Improvement,Blueberry Gulf Pharmacy,invoice.tap.company,KWD,7661589,KUWAIT,EMEIA
In-Store,7/18/25,Travel,Airlines,DUBAI AVIATION CORPORATION 'FLYDUBAI',-,GBP,9084943,UK,EMEIA
In-App,7/18/25,Recreation,Other Recreation,Chamet,cashier-n.payermax.com,SAR,1952003,SAUDI ARABIA,EMEIA
In-Store,7/19/25,Travel,Airlines,Malaysia Airlines,online.malaysiaairlines.com,AUD,9179020,AUSTRALIA,APAC
In-Store,7/19/25,Recreation,Event Ticketing,Hurst-Euless-Bedford ISD,hebisd.hometownticketing.com,USD,1969614,USA,AMR
In-App,7/19/25,Recreation,Event Ticketing,R√∏dne Trafikk AS,checkout.dibspayment.eu,NOK,1853734,NORWAY,EMEIA
In-Store,7/20/25,Travel,Airlines,Aer Lingus,-,USD,9015376,USA,AMR
In-App,7/21/25,Shopping,Shopping Platform,Capital Parking Solutions Kft.,checkout.stripe.com,HUF,7644181,HUNGARY,EMEIA
Web,7/22/25,Recreation,Event Ticketing,"Saint Mary's Hall, Inc.",smhall.hometownticketing.com,USD,2363876,USA,AMR
In-App,7/23/25,Travel,OTA,Mr & Mrs Smith (Americas) Inc,www.mrandmrssmith.com,USD,9006488,USA,AMR
In-Store,7/23/25,Services,Other Services,Bounce,bounce.com,USD,8516255,USA,AMR
In-App,7/24/25,Shopping,Other Specialty,Datalix,www.mollie.com,EUR,7661478,EURO ZONE,EMEIA
In-App,7/25/25,Recreation,Event Ticketing,Headout,-,NZD,2340829,NEW ZEALAND,APAC
In-Store,7/26/25,Services,Other Services,NordVPN,order.nordaccount.com,HKD,8517654,HONG KONG,APAC
Web,7/26/25,Financial Services,MTO,UAB Findo Finansai,-,BYN,7350607,BELARUS,EMEIA
Web,7/26/25,Recreation,Event Ticketing,"HomeTown Ticketing, Inc.",crowleyisd.hometownticketing.com,USD,1922942,USA,AMR
Web,7/26/25,Recreation,Event Ticketing,Krum ISD,krumisd.hometownticketing.com,USD,1862390,USA,AMR
In-Store,7/26/25,Shopping,Other Specialty,Temu,-,ILS,7655626,ISRAEL,EMEIA
In-Store,7/28/25,Financial Services,Other Financial Services,Tarmeez Capital,-,SAR,7336300,SAUDI ARABIA,EMEIA
In-App,7/29/25,Shopping,Shopping Platform,www.masterchefwindsor.co.uk,checkout.stripe.com,GBP,7644025,UK,EMEIA
In-Store,8/1/25,Travel,OTA,ByHours Travel S.L.,-,MXN,9212515,MEXICO,AMR
In-Store,8/1/25,Recreation,Other Recreation,SEA LIFE Sunshine Coast Web,me-slmooloolaba.as.tickets.visitsealife.com,AUD,2370080,AUSTRALIA,APAC
In-App,8/3/25,Services,Biller Platform,Kubra,cityofphiladelphiawrb.ez-pay.io,USD,8518813,USA,AMR
Web,8/4/25,Services,Direct Biller,bumperapplepay,www.bumper.co,GBP,8517350,UK,EMEIA
In-Store,8/4/25,Recreation,Cinemas,Pathe Cinemas Services,-,CHF,1866876,SWITZERLAND,EMEIA
In-App,8/4/25,Shopping,Other Specialty,Canyonlands Natural History Association,shop.cnha.org,USD,7651841,USA,AMR
Web,8/5/25,Travel,Airlines,Emirates,payment.emirates.com,CZK,9099573,CZECH REPUBLIC,EMEIA
Web,8/6/25,Services,Biller Platform,Xsolla,secure.xsolla.com,SAR,8512821,SAUDI ARABIA,EMEIA
In-Store,8/6/25,Recreation,Event Ticketing,Trendhim FR,checkout.reepay.com,EUR,1878661,EURO ZONE,EMEIA
In-App,8/6/25,Recreation,Event Ticketing,GetYourGuide,-,BGN,1862285,BULGARIA,EMEIA
Web,8/6/25,Recreation,Cinemas,Pathe Cinemas Services,-,CHF,1847894,SWITZERLAND,EMEIA
In-Store,8/9/25,Travel,OTA,kkday,m.kkday.com,USD,9177568,USA,AMR
Web,8/9/25,Recreation,Event Ticketing,Abellio East Midlands Limited,-,GBP,1957349,UK,EMEIA
Web,8/9/25,Shopping,Other Specialty,Pactimo,www.pactimo.com,USD,7656885,USA,AMR
Web,8/9/25,Shopping,Other Specialty,CHANEL,www.chanel.com,EUR,7639246,EURO ZONE,EMEIA
Web,8/11/25,Travel,Rail & Coaches,LEAN TEAM SRL,-,USD,9208146,USA,AMR
In-App,8/11/25,Shopping,Shopping Platform,MICCOLIS SPA,checkout.stripe.com,EUR,7663466,EURO ZONE,EMEIA
In-App,8/12/25,Recreation,Event Ticketing,Ticketmaster,payments.ticketmaster.com,USD,2019980,USA,AMR
In-App,8/12/25,Recreation,Event Ticketing,"Prime Social Group, LLC",www.universe.com,USD,1914744,USA,AMR
In-App,8/13/25,Recreation,Other Recreation,StarMaker-Global,cashier-n.payermax.com,NZD,1872680,NEW ZEALAND,APAC
In-App,8/14/25,Recreation,Event Ticketing,Solsidan,checkout.reepay.com,SEK,2396340,SWEDEN,EMEIA
In-Store,8/15/25,Recreation,Event Ticketing,Missouri State High School Activities Association,events.hometownticketing.com,USD,2368811,USA,AMR
In-Store,8/15/25,Recreation,Other Recreation,Traveler Club,-,SAR,1949355,SAUDI ARABIA,EMEIA
Web,8/15/25,Recreation,Event Ticketing,White Settlement ISD,events.hometownticketing.com,USD,1896018,USA,AMR
Web,8/16/25,Recreation,Event Ticketing,Hartford Fair,events.hometownticketing.com,USD,2047675,USA,AMR
Web,8/17/25,Travel,Rail & Coaches,UD LAS PALMAS,sis.redsys.es,EUR,9147950,EURO ZONE,EMEIA
In-App,8/17/25,Travel,Airlines,Aeroitalia srl,-,EUR,9076314,EURO ZONE,EMEIA
In-Store,8/18/25,Recreation,Event Ticketing,BIO Food App,checkout.reepay.com,DKK,1961551,DENMARK,EMEIA
In-App,8/20/25,Shopping,Other Specialty,GoTags,gotags.com,USD,7658870,USA,AMR
In-App,8/21/25,Travel,Airlines,Etihad,digital.etihad.com,ZAR,9126521,SOUTH AFRICA,EMEIA
Web,8/21/25,Services,Other Services,Bounce,bounce.com,EUR,8518654,EURO ZONE,EMEIA
In-App,8/21/25,Recreation,Event Ticketing,CITY VIEW ISD,events.hometownticketing.com,USD,1870597,USA,AMR
Web,8/22/25,Services,Biller Platform,Family Health Care of Siouxland PLC,z2-mob.phreesia.net,USD,8520594,USA,AMR
Web,8/22/25,Recreation,Event Ticketing,Joan's Finsp√•ng,checkout.reepay.com,SEK,2301913,SWEDEN,EMEIA
In-Store,8/23/25,Travel,OTA,GoEuro Corp.,-,CHF,9117842,SWITZERLAND,EMEIA
Web,8/23/25,Services,Other Services,BetterHelp,www.betterhelp.com,AUD,8515129,AUSTRALIA,APAC
Web,8/24/25,Financial Services,MTO,Remitly Inc,-,EUR,7282879,EURO ZONE,EMEIA
In-Store,8/25/25,Recreation,Event Ticketing,Dice FM Ltd,-,GBP,2075933,UK,EMEIA
Web,8/25/25,Shopping,Shopping Platform,Go Pledge LLC,checkout.stripe.com,USD,7646860,USA,AMR
In-Store,8/26/25,Travel,OTA,Kiwi.com,www.kiwi.com,UAH,9116090,UKRAINE,EMEIA
Web,8/26/25,Recreation,Event Ticketing,Kennedale Independent School District,events.hometownticketing.com,USD,1919675,USA,AMR
Web,8/28/25,Travel,OTA,Kiwi.com,www.kiwi.com,SAR,9062158,SAUDI ARABIA,EMEIA
In-App,8/29/25,Financial Services,Cryptocurrency,MoonPay,orion-sandbox.moonpaycloud.com,CZK,7248003,CZECH REPUBLIC,EMEIA
Web,8/30/25,Travel,OTA,TUI,www.tui.co.uk,GBP,9115973,UK,EMEIA
In-Store,8/30/25,Financial Services,Other Financial Services,ACE,acemoneytransfer.com,NOK,7358442,NORWAY,EMEIA
Web,8/30/25,Financial Services,Cryptocurrency,Kraken,www.kraken.com,USD,7253811,USA,AMR
Web,8/30/25,Recreation,Event Ticketing,"Athletic Directors Edge, llc",events.hometownticketing.com,USD,2017994,USA,AMR
Web,8/31/25,Recreation,Event Ticketing,Central Catholic High School,fightingirishathletics.hometownticketing.com,USD,2373520,USA,AMR
In-App,9/1/25,Travel,Airlines,"Xiamen Airlines Co., Ltd.",-,CNY,9179262,CHINA,APAC
In-Store,9/2/25,Recreation,Other Recreation,Flowstate,flowstate.zone,AUD,2374820,AUSTRALIA,APAC
In-Store,9/2/25,Financial Services,Cryptocurrency,Mercuryo,exchange.mercuryo.io,CHF,7369185,SWITZERLAND,EMEIA
In-Store,9/2/25,Recreation,Event Ticketing,Shotgun,shotgun.live,EUR,1886405,EURO ZONE,EMEIA
In-App,9/4/25,Recreation,Event Ticketing,The Gifted Company,checkout.dibspayment.eu,GBP,2303232,UK,EMEIA
In-Store,9/5/25,Services,Carrier,Holafly SL,-,SAR,8507889,SAUDI ARABIA,EMEIA
In-App,9/5/25,Recreation,Other Recreation,Yaahlan,cashier-n.payermax.com,AED,1930570,UAE,EMEIA
In-Store,9/6/25,Recreation,Other Recreation,The ROM,tickets.rom.on.ca,CAD,1867548,CANADA,AMR
Web,9/6/25,Shopping,Other Specialty,NEXT,www.next.ua,UAH,7644786,UKRAINE,EMEIA
In-Store,9/8/25,Financial Services,Cryptocurrency,GATE GLOBAL UAB,-,EUR,7262740,EURO ZONE,EMEIA
In-App,9/9/25,Recreation,Event Ticketing,TicketCo,ticketco.events,SEK,1936331,SWEDEN,EMEIA
In-Store,9/9/25,Shopping,Other Specialty,Little Poppy Co.,www.littlepoppyco.com,USD,7658095,USA,AMR
In-App,9/9/25,Shopping,Other Specialty,Bonafide,hellobonafide.com,USD,7645894,USA,AMR
In-Store,9/10/25,Travel,Rail & Coaches,Trainpal B.V.,-,EUR,9163283,EURO ZONE,EMEIA
Web,9/10/25,Financial Services,Other Financial Services,Home Office,-,JPY,7265067,JAPAN,APAC
In-App,9/12/25,Recreation,Event Ticketing,Encore Tickets,ticket.londontheatre.co.uk,AUD,1916659,AUSTRALIA,APAC
Web,9/12/25,Shopping,Other Specialty,Cheeky Panda,uk.cheekypanda.com,GBP,7642726,UK,EMEIA
In-Store,9/14/25,Services,Biller Platform,www.prodejnath.cz,3dsecure.gpwebpay.com,CZK,8519619,CZECH REPUBLIC,EMEIA
In-Store,9/14/25,Recreation,Event Ticketing,Lagkagehuset,checkout.reepay.com,DKK,1958482,DENMARK,EMEIA
Web,9/15/25,Recreation,Event Ticketing,Hobbs Municipal Schools,events.hometownticketing.com,USD,1840907,USA,AMR
Web,9/15/25,Shopping,Shopping Platform,Jumingo GmbH,checkout.stripe.com,EUR,7655693,EURO ZONE,EMEIA
In-App,9/16/25,Recreation,Other Recreation,Palm Beach Zoo Online,pbz-palmbeachzoo.secure-cdn.na2.accessoticketing.com,USD,2054799,USA,AMR
Web,9/17/25,Recreation,Event Ticketing,National Youth Theatre of Great Britain,www.ticketsource.co.uk,GBP,2292693,UK,EMEIA
Web,9/17/25,Financial Services,Cryptocurrency,"Gemini Trust Company, LLC",-,AUD,7412223,AUSTRALIA,APAC
In-Store,9/17/25,Recreation,Other Recreation,Sydney Tower Eye Web,me-sydneyeye.tickets.sydneytowereye.com.au,AUD,2041538,AUSTRALIA,APAC
In-Store,9/18/25,Financial Services,Other Financial Services,Saferpay,www.saferpay.com,CZK,7393937,CZECH REPUBLIC,EMEIA
In-App,9/19/25,Financial Services,Other Financial Services,BR_AU,au.adyen.link,AUD,7349716,AUSTRALIA,APAC
In-Store,9/20/25,Services,Direct Biller,Walker Love,hpp.worldpay.com,GBP,8522309,UK,EMEIA
In-App,9/20/25,Recreation,Event Ticketing,Hawaii Poke Brunkebergstorg,checkout.reepay.com,SEK,2366719,SWEDEN,EMEIA
In-Store,9/20/25,Recreation,Event Ticketing,Pickerington Local School District Board of Education,events.hometownticketing.com,USD,2352892,USA,AMR
In-App,9/22/25,Recreation,Event Ticketing,Headout,-,CHF,1928504,LIECHTENSTEIN,EMEIA
In-Store,9/23/25,Recreation,Other Recreation,51Talk,cashier-n.payermax.com,SAR,2351111,SAUDI ARABIA,EMEIA
In-App,9/23/25,Recreation,Event Ticketing,North Star Academy,northstaracademy.hometownticketing.com,USD,1956460,USA,AMR
In-Store,9/24/25,Travel,OTA,Booking.com,-,GEL,9135837,GEORGIA,EMEIA
In-Store,9/24/25,Services,Biller Platform,ISP Skyline Kharkov,www.liqpay.ua,UAH,8520238,UKRAINE,EMEIA
In-App,9/24/25,Recreation,Event Ticketing,Fever Labs Inc,-,CLP,2008294,CHILE,AMR
Web,9/24/25,Shopping,Other Specialty,BelliWelli,belliwelli.com,USD,7647908,USA,AMR
Web,9/25/25,Shopping,Shopping Platform,Daki,checkout.stripe.com,BRL,7654251,BRAZIL,AMR
In-App,9/26/25,Recreation,Other Recreation,Mikki Limited,cashier-n.payermax.com,SGD,2312740,SINGAPORE,APAC
In-Store,9/26/25,Shopping,Other Specialty,CONNECT GMBH,www.mollie.com,EUR,7651980,EURO ZONE,EMEIA
In-Store,9/27/25,Travel,OTA,Hays Travel Ltd,-,GBP,9171123,UK,EMEIA
In-Store,9/27/25,Financial Services,Banks & Wallets,Zen,secure.zen.com,DKK,7314767,DENMARK,EMEIA
Web,9/29/25,Financial Services,Other Financial Services,AMANA CAPITAL LTD,-,USD,7319083,USA,AMR
In-Store,9/29/25,Shopping,Other Specialty,BK Beauty,www.bkbeauty.com,USD,7661049,USA,AMR
In-App,9/30/25,Recreation,Event Ticketing,Fever Labs Inc,-,SEK,2009102,SWEDEN,EMEIA
In-App,10/1/25,Shopping,Other Specialty,CaseCompany,www.mollie.com,GBP,7652502,UK,EMEIA
In-App,10/2/25,Recreation,Event Ticketing,Ticketpro Inc.,checkout.ticketpro.ca,CAD,1893191,CANADA,AMR
In-Store,10/3/25,Recreation,Event Ticketing,Hawaii Pok√© St: eriksgatan,checkout.reepay.com,SEK,2374329,SWEDEN,EMEIA
In-Store,10/3/25,Financial Services,Other Financial Services,Virtual Gaming Solutions LP,wpf.emerchantpay.net,USD,7391789,USA,AMR
Web,10/3/25,Shopping,Other Specialty,Temu,-,GEL,7648355,GEORGIA,EMEIA
In-App,10/4/25,Recreation,Other Recreation,GUMDROP ENTERTAINMENT PTE. LTD.,cashier-n.payermax.com,SAR,2001826,SAUDI ARABIA,EMEIA
In-Store,10/5/25,Recreation,Event Ticketing,GetYourGuide,-,RON,2376764,ROMANIA,EMEIA
In-App,10/5/25,Shopping,Other Specialty,bebe,www.bebe.com,USD,7650093,USA,AMR
Web,10/7/25,Recreation,Other Recreation,UCOO,cashier-n.payermax.com,USD,1843233,USA,AMR
In-Store,10/8/25,Travel,OTA,Booking.com,-,MYR,9171053,MALAYSIA,APAC
In-App,10/8/25,Financial Services,Banks & Wallets,"Dave, Inc",-,USD,7246452,USA,AMR
In-App,10/9/25,Recreation,Event Ticketing,GetYourGuide,-,VND,1913171,VIETNAM,APAC
In-Store,10/9/25,Shopping,Other Specialty,MyTab Pty Ltd,-,AUD,7651766,AUSTRALIA,APAC
In-App,10/10/25,Recreation,Event Ticketing,GetYourGuide,-,NOK,2080969,NORWAY,EMEIA
Web,10/12/25,Financial Services,Cryptocurrency,Xcoins,instantpay.xcoins.com,GBP,7381794,UK,EMEIA
Web,10/13/25,Travel,Rail & Coaches,Web P√É¬∫blica Espa√É¬±a,sis.redsys.es,EUR,9128983,EURO ZONE,EMEIA
Web,10/14/25,Travel,Rail & Coaches,SBB,-,CHF,9100657,LIECHTENSTEIN,EMEIA
In-App,10/14/25,Shopping,Shopping Platform,Plumb2u,checkout.stripe.com,GBP,7659823,UK,EMEIA
In-Store,10/15/25,Services,Other Services,Race Roster North America Corporation,raceroster.com,USD,8506270,USA,AMR
In-App,10/17/25,Travel,OTA,GoEuro Corp.,-,CLP,9047297,CHILE,AMR
In-App,10/19/25,Financial Services,Buy Now Pay Later,Klarna,-,SEK,7371347,SWEDEN,EMEIA
Web,10/20/25,Recreation,Other Recreation,"TopGolf USA, Inc.",-,USD,2368385,USA,AMR
In-Store,10/20/25,Recreation,Event Ticketing,Dice FM Ltd,-,CAD,2350643,CANADA,AMR
In-App,10/20/25,Recreation,Other Recreation,"AMI Entertainment Network, Inc",-,USD,1990348,USA,AMR
Web,10/20/25,Recreation,Event Ticketing,Galway County Camogie Board,www.universe.com,EUR,1907894,EURO ZONE,EMEIA
In-Store,10/21/25,Recreation,Event Ticketing,Orenda Charter Schools - GCPS Athletics,orenda.hometownticketing.com,USD,1868231,USA,AMR
Web,10/21/25,Shopping,Shopping Platform,Needle,checkout.stripe.com,USD,7641407,USA,AMR
In-Store,10/22/25,Recreation,Event Ticketing,Ticketmaster,eu.adyen.link,HKD,1941451,HONG KONG,APAC
In-Store,10/22/25,Recreation,Event Ticketing,ZZ Pizza T√∏yen,checkout.reepay.com,NOK,1854357,NORWAY,EMEIA
Web,10/23/25,Recreation,Event Ticketing,Pizzabakeren Lagunen,checkout.dibspayment.eu,NOK,2059340,NORWAY,EMEIA
In-App,10/25/25,Recreation,Event Ticketing,coolshop.com,checkout.reepay.com,DKK,2333345,DENMARK,EMEIA
Web,10/25/25,Financial Services,Other Financial Services,Establishment tamkin almawahib for arts,secure.paytabs.sa,SAR,7297744,SAUDI ARABIA,EMEIA
In-Store,10/25/25,Recreation,Event Ticketing,Ticketek,tickets.blueysworld.com.au,AUD,2067085,AUSTRALIA,APAC
Web,10/25/25,Recreation,Event Ticketing,Pizzabakeren Minde,checkout.dibspayment.eu,NOK,1859980,NORWAY,EMEIA
Web,10/25/25,Shopping,Other Specialty,Ralph Lauren,www.ralphlauren.co.uk,GBP,7642274,UK,EMEIA
Web,10/26/25,Shopping,Other Specialty,Rains US,www.us.rains.com,USD,7648309,USA,AMR
In-App,10/29/25,Recreation,Event Ticketing,Cal Poly Pomona Foundation,vivenu.com,USD,1968706,USA,AMR
In-App,10/31/25,Travel,Airlines,Gulfair,flights.gulfair.com,BHD,9157466,BAHRAIN,EMEIA
Web,10/31/25,Recreation,Event Ticketing,GoOut,goout.net,EUR,2339156,EURO ZONE,EMEIA
Web,11/3/25,Travel,Airlines,Cathay Pacific Airways,payment.cathaypacific.com,HKD,8986704,HONG KONG,APAC
Web,11/4/25,Recreation,Event Ticketing,SPORT DECOUVERTE,payment-web.sogenactif.com,EUR,2001251,EURO ZONE,EMEIA
Web,11/6/25,Travel,Airlines,British Airways Plc,-,QAR,9135692,QATAR,EMEIA
In-App,11/7/25,Services,Other Services,KLIX,invoice.stripe.com,AED,8518046,UAE,EMEIA
In-App,11/9/25,Travel,Airlines,Brussels Airlines (Lufthansa Group),paymenthub.brusselsairlines.com,CZK,9160447,CZECH REPUBLIC,EMEIA
Web,11/9/25,Recreation,Other Recreation,Holiday Valley Online,hv-hvnewyork.secure-cdn.na2.accessoticketing.com,USD,2335280,USA,AMR
In-Store,11/11/25,Travel,Hospitality,Weave Living HK Limited,-,JPY,9025145,JAPAN,APAC